﻿{
  "Routes": [
    {
      "DownstreamPathTemplate": "/{everything}",
      "DownstreamScheme": "https",
      "DownstreamHostAndPorts": [
        {
          "Host": "fitnessappuserservice.azurewebsites.net"
        }
      ],
      "UpstreamPathTemplate": "/user/{everything}",
      "UpstreamHttpMethod": [ "Get", "Post", "Put", "Delete" ]
    },
    {
      "DownstreamPathTemplate": "/{everything}",
      "DownstreamScheme": "https",
      "DownstreamHostAndPorts": [
        {
          "Host": "fitnessappworkoutservice.azurewebsites.net"
        }
      ],
      "UpstreamPathTemplate": "/workout/{everything}",
      "UpstreamHttpMethod": [ "Get", "Post", "Put", "Delete" ],
      "AuthenticationOptions": {
        "AuthenticationProviderKey": "Bearer",
        "AllowedScopes": []
      }
    }
  ]
}
