﻿{
  "Routes": [
    {
      "DownstreamPathTemplate": "/WeatherForecast",
      "DownstreamScheme": "https",
      "DownstreamHostAndPorts": [
        {
          "Host": "userloginservice.azurewebsites.net"
        }
      ],
      "UpstreamPathTemplate": "/login",
      "UpstreamHttpMethod": [ "GET" ]
    },
    {
      "DownstreamPathTemplate": "/api/{everything}",
      "DownstreamScheme": "https",
      "DownstreamHostAndPorts": [
        {
          "Host": "courseworkbackend.azurewebsites.net"
        }
      ],
      "UpstreamPathTemplate": "/{everything}",
      "UpstreamHttpMethod": [ "GET", "POST", "PUT", "DELETE" ]
    }
  ]
}
